Location,Period,Indicator,First Tooltip
Afghanistan,2015,Hospital beds (per 10 000 population),5
Afghanistan,2014,Hospital beds (per 10 000 population),5
Afghanistan,2013,Hospital beds (per 10 000 population),5.3
Afghanistan,2012,Hospital beds (per 10 000 population),5.3
Afghanistan,2011,Hospital beds (per 10 000 population),4.4
Afghanistan,2010,Hospital beds (per 10 000 population),4.3
Afghanistan,2009,Hospital beds (per 10 000 population),4.2
Afghanistan,2008,Hospital beds (per 10 000 population),4.2
Afghanistan,2007,Hospital beds (per 10 000 population),4.2
Afghanistan,2006,Hospital beds (per 10 000 population),4.2
Afghanistan,2005,Hospital beds (per 10 000 population),4.2
Afghanistan,2004,Hospital beds (per 10 000 population),3.9
Afghanistan,2003,Hospital beds (per 10 000 population),3.9
Afghanistan,2002,Hospital beds (per 10 000 population),3.9
Afghanistan,2001,Hospital beds (per 10 000 population),3.9
Afghanistan,2000,Hospital beds (per 10 000 population),3
Albania,2013,Hospital beds (per 10 000 population),28.88
Albania,2012,Hospital beds (per 10 000 population),28.84
Albania,2011,Hospital beds (per 10 000 population),26.05
Albania,2010,Hospital beds (per 10 000 population),29.89
Albania,2009,Hospital beds (per 10 000 population),30.08
Albania,2007,Hospital beds (per 10 000 population),30.95
Albania,2006,Hospital beds (per 10 000 population),31.22
Albania,2005,Hospital beds (per 10 000 population),30.83
Albania,2004,Hospital beds (per 10 000 population),30.07
Albania,2003,Hospital beds (per 10 000 population),30.66
Albania,2002,Hospital beds (per 10 000 population),31.41
Albania,2001,Hospital beds (per 10 000 population),32.55
Albania,2000,Hospital beds (per 10 000 population),32.63
Algeria,2015,Hospital beds (per 10 000 population),19
Algeria,2004,Hospital beds (per 10 000 population),17
Angola,2005,Hospital beds (per 10 000 population),8
Antigua and Barbuda,2014,Hospital beds (per 10 000 population),38
Antigua and Barbuda,2013,Hospital beds (per 10 000 population),39
Antigua and Barbuda,2011,Hospital beds (per 10 000 population),21
Antigua and Barbuda,2010,Hospital beds (per 10 000 population),22
Argentina,2014,Hospital beds (per 10 000 population),50
Argentina,2013,Hospital beds (per 10 000 population),49
Argentina,2012,Hospital beds (per 10 000 population),47
Argentina,2011,Hospital beds (per 10 000 population),45
Argentina,2010,Hospital beds (per 10 000 population),45
Argentina,2000,Hospital beds (per 10 000 population),41
Armenia,2015,Hospital beds (per 10 000 population),41.8
Armenia,2013,Hospital beds (per 10 000 population),40.6
Armenia,2012,Hospital beds (per 10 000 population),40.48
Armenia,2011,Hospital beds (per 10 000 population),37.44
Armenia,2010,Hospital beds (per 10 000 population),37.35
Armenia,2009,Hospital beds (per 10 000 population),37.2
Armenia,2008,Hospital beds (per 10 000 population),38.21
Armenia,2007,Hospital beds (per 10 000 population),40.68
Armenia,2006,Hospital beds (per 10 000 population),44.2
Armenia,2005,Hospital beds (per 10 000 population),44.61
Armenia,2004,Hospital beds (per 10 000 population),44.37
Armenia,2003,Hospital beds (per 10 000 population),44.24
Armenia,2002,Hospital beds (per 10 000 population),43.48
Armenia,2001,Hospital beds (per 10 000 population),50.25
Armenia,2000,Hospital beds (per 10 000 population),64.44
Australia,2014,Hospital beds (per 10 000 population),37.9
Australia,2011,Hospital beds (per 10 000 population),38
Austria,2013,Hospital beds (per 10 000 population),76.47
Austria,2012,Hospital beds (per 10 000 population),76.77
Austria,2011,Hospital beds (per 10 000 population),76.79
Austria,2010,Hospital beds (per 10 000 population),76.56
Austria,2009,Hospital beds (per 10 000 population),76.81
Austria,2008,Hospital beds (per 10 000 population),76.93
Austria,2007,Hospital beds (per 10 000 population),77.52
Austria,2006,Hospital beds (per 10 000 population),76.63
Austria,2005,Hospital beds (per 10 000 population),76.9
Austria,2004,Hospital beds (per 10 000 population),77.37
Austria,2003,Hospital beds (per 10 000 population),77.36
Austria,2002,Hospital beds (per 10 000 population),78.06
Austria,2001,Hospital beds (per 10 000 population),78.48
Austria,2000,Hospital beds (per 10 000 population),79.48
Azerbaijan,2013,Hospital beds (per 10 000 population),46.88
Azerbaijan,2012,Hospital beds (per 10 000 population),46.47
Azerbaijan,2011,Hospital beds (per 10 000 population),46.19
Azerbaijan,2010,Hospital beds (per 10 000 population),50.57
Azerbaijan,2009,Hospital beds (per 10 000 population),75.37
Azerbaijan,2008,Hospital beds (per 10 000 population),76.75
Azerbaijan,2007,Hospital beds (per 10 000 population),79.33
Azerbaijan,2006,Hospital beds (per 10 000 population),79.4
Azerbaijan,2005,Hospital beds (per 10 000 population),82.11
Azerbaijan,2004,Hospital beds (per 10 000 population),82.4
Azerbaijan,2003,Hospital beds (per 10 000 population),82.73
Azerbaijan,2002,Hospital beds (per 10 000 population),84.05
Azerbaijan,2001,Hospital beds (per 10 000 population),85.1
Azerbaijan,2000,Hospital beds (per 10 000 population),86.85
Bahamas,2013,Hospital beds (per 10 000 population),29
Bahamas,2012,Hospital beds (per 10 000 population),29
Bahamas,2011,Hospital beds (per 10 000 population),29
Bahamas,2010,Hospital beds (per 10 000 population),31
Bahamas,2009,Hospital beds (per 10 000 population),32
Bahamas,2008,Hospital beds (per 10 000 population),32
Bahrain,2014,Hospital beds (per 10 000 population),20.3
Bahrain,2013,Hospital beds (per 10 000 population),20.8
Bahrain,2012,Hospital beds (per 10 000 population),20.8
Bahrain,2011,Hospital beds (per 10 000 population),17
Bahrain,2010,Hospital beds (per 10 000 population),17.7
Bahrain,2009,Hospital beds (per 10 000 population),19
Bahrain,2008,Hospital beds (per 10 000 population),19.7
Bahrain,2007,Hospital beds (per 10 000 population),27.4
Bahrain,2006,Hospital beds (per 10 000 population),27.4
Bahrain,2005,Hospital beds (per 10 000 population),28.1
Bahrain,2004,Hospital beds (per 10 000 population),28.1
Bahrain,2003,Hospital beds (per 10 000 population),28.1
Bahrain,2002,Hospital beds (per 10 000 population),28.6
Bahrain,2001,Hospital beds (per 10 000 population),28.2
Bahrain,2000,Hospital beds (per 10 000 population),27.5
Bangladesh,2015,Hospital beds (per 10 000 population),7.7
Bangladesh,2014,Hospital beds (per 10 000 population),6
Barbados,2014,Hospital beds (per 10 000 population),58
Barbados,2013,Hospital beds (per 10 000 population),62
Barbados,2012,Hospital beds (per 10 000 population),62
Barbados,2010,Hospital beds (per 10 000 population),66
Barbados,2009,Hospital beds (per 10 000 population),68
Belarus,2013,Hospital beds (per 10 000 population),110.5
Belarus,2012,Hospital beds (per 10 000 population),112.7
Belarus,2011,Hospital beds (per 10 000 population),112.5
Belarus,2010,Hospital beds (per 10 000 population),114.5
Belarus,2009,Hospital beds (per 10 000 population),110.7
Belarus,2008,Hospital beds (per 10 000 population),111.2
Belarus,2007,Hospital beds (per 10 000 population),112.3
Belarus,2006,Hospital beds (per 10 000 population),111.8
Belarus,2005,Hospital beds (per 10 000 population),111.3
Belarus,2004,Hospital beds (per 10 000 population),107.1
Belarus,2003,Hospital beds (per 10 000 population),113.4
Belarus,2002,Hospital beds (per 10 000 population),119.4
Belarus,2001,Hospital beds (per 10 000 population),125.8
Belarus,2000,Hospital beds (per 10 000 population),126.1
Belgium,2014,Hospital beds (per 10 000 population),62.29
Belgium,2013,Hospital beds (per 10 000 population),62.57
Belgium,2012,Hospital beds (per 10 000 population),62.96
Belgium,2011,Hospital beds (per 10 000 population),63.76
Belgium,2010,Hospital beds (per 10 000 population),64.73
Belgium,2009,Hospital beds (per 10 000 population),65.08
Belgium,2008,Hospital beds (per 10 000 population),65.74
Belgium,2007,Hospital beds (per 10 000 population),66.31
Belgium,2006,Hospital beds (per 10 000 population),67.04
Belgium,2005,Hospital beds (per 10 000 population),74.25
Belgium,2004,Hospital beds (per 10 000 population),74.73
Belgium,2003,Hospital beds (per 10 000 population),75.08
Belgium,2002,Hospital beds (per 10 000 population),75.75
Belgium,2001,Hospital beds (per 10 000 population),76.57
Belgium,2000,Hospital beds (per 10 000 population),77.69
Belize,2014,Hospital beds (per 10 000 population),13
Belize,2013,Hospital beds (per 10 000 population),9
Belize,2012,Hospital beds (per 10 000 population),11
Belize,2011,Hospital beds (per 10 000 population),11
Belize,2010,Hospital beds (per 10 000 population),12
Belize,2009,Hospital beds (per 10 000 population),11
Benin,2010,Hospital beds (per 10 000 population),5
Benin,2005,Hospital beds (per 10 000 population),5
Bhutan,2012,Hospital beds (per 10 000 population),17.4
Bolivia (Plurinational State of),2014,Hospital beds (per 10 000 population),11
Bolivia (Plurinational State of),2013,Hospital beds (per 10 000 population),11
Bolivia (Plurinational State of),2012,Hospital beds (per 10 000 population),11
Bolivia (Plurinational State of),2011,Hospital beds (per 10 000 population),11
Bolivia (Plurinational State of),2009,Hospital beds (per 10 000 population),11
Bosnia and Herzegovina,2013,Hospital beds (per 10 000 population),34.99
Bosnia and Herzegovina,2012,Hospital beds (per 10 000 population),35.04
Bosnia and Herzegovina,2011,Hospital beds (per 10 000 population),34.61
Bosnia and Herzegovina,2010,Hospital beds (per 10 000 population),34.01
Bosnia and Herzegovina,2009,Hospital beds (per 10 000 population),33.25
Bosnia and Herzegovina,2008,Hospital beds (per 10 000 population),33.52
Bosnia and Herzegovina,2007,Hospital beds (per 10 000 population),33.91
Bosnia and Herzegovina,2006,Hospital beds (per 10 000 population),33.21
Bosnia and Herzegovina,2005,Hospital beds (per 10 000 population),31.18
Bosnia and Herzegovina,2004,Hospital beds (per 10 000 population),30.5
Bosnia and Herzegovina,2003,Hospital beds (per 10 000 population),31.67
Bosnia and Herzegovina,2002,Hospital beds (per 10 000 population),32.06
Bosnia and Herzegovina,2001,Hospital beds (per 10 000 population),32.43
Bosnia and Herzegovina,2000,Hospital beds (per 10 000 population),33.8
Botswana,2010,Hospital beds (per 10 000 population),18
Botswana,2008,Hospital beds (per 10 000 population),18
Brazil,2014,Hospital beds (per 10 000 population),22
Brazil,2013,Hospital beds (per 10 000 population),23
Brazil,2012,Hospital beds (per 10 000 population),23
Brazil,2011,Hospital beds (per 10 000 population),23
Brazil,2010,Hospital beds (per 10 000 population),24
Brazil,2009,Hospital beds (per 10 000 population),24
Brazil,2005,Hospital beds (per 10 000 population),24
Brunei Darussalam,2015,Hospital beds (per 10 000 population),27.4
Brunei Darussalam,2012,Hospital beds (per 10 000 population),27
Bulgaria,2013,Hospital beds (per 10 000 population),68.16
Bulgaria,2012,Hospital beds (per 10 000 population),66.12
Bulgaria,2011,Hospital beds (per 10 000 population),63.9
Bulgaria,2010,Hospital beds (per 10 000 population),64.95
Bulgaria,2009,Hospital beds (per 10 000 population),65.97
Bulgaria,2008,Hospital beds (per 10 000 population),64.94
Bulgaria,2007,Hospital beds (per 10 000 population),63.64
Bulgaria,2006,Hospital beds (per 10 000 population),61.98
Bulgaria,2005,Hospital beds (per 10 000 population),64.12
Bulgaria,2004,Hospital beds (per 10 000 population),61.31
Bulgaria,2003,Hospital beds (per 10 000 population),62.85
Bulgaria,2002,Hospital beds (per 10 000 population),64.85
Bulgaria,2001,Hospital beds (per 10 000 population),72.01
Bulgaria,2000,Hospital beds (per 10 000 population),74.11
Burkina Faso,2010,Hospital beds (per 10 000 population),4
Burkina Faso,2006,Hospital beds (per 10 000 population),9
Burundi,2014,Hospital beds (per 10 000 population),7.9
Burundi,2011,Hospital beds (per 10 000 population),19
Burundi,2006,Hospital beds (per 10 000 population),7
Cabo Verde,2010,Hospital beds (per 10 000 population),21
Cabo Verde,2008,Hospital beds (per 10 000 population),21
Cambodia,2015,Hospital beds (per 10 000 population),8.33
Cambodia,2013,Hospital beds (per 10 000 population),7
Cameroon,2010,Hospital beds (per 10 000 population),13
Cameroon,2006,Hospital beds (per 10 000 population),15
Canada,2012,Hospital beds (per 10 000 population),27
Canada,2011,Hospital beds (per 10 000 population),27
Canada,2010,Hospital beds (per 10 000 population),27
Canada,2009,Hospital beds (per 10 000 population),32
Canada,2008,Hospital beds (per 10 000 population),34
Central African Republic,2011,Hospital beds (per 10 000 population),10
Central African Republic,2006,Hospital beds (per 10 000 population),12
Chad,2005,Hospital beds (per 10 000 population),4
Chile,2013,Hospital beds (per 10 000 population),22
Chile,2012,Hospital beds (per 10 000 population),22
Chile,2011,Hospital beds (per 10 000 population),21
Chile,2010,Hospital beds (per 10 000 population),20
Chile,2009,Hospital beds (per 10 000 population),21
China,2012,Hospital beds (per 10 000 population),42
Colombia,2014,Hospital beds (per 10 000 population),15
Colombia,2013,Hospital beds (per 10 000 population),15
Colombia,2012,Hospital beds (per 10 000 population),15
Colombia,2011,Hospital beds (per 10 000 population),14
Comoros,2010,Hospital beds (per 10 000 population),21.6
Comoros,2006,Hospital beds (per 10 000 population),22
Congo,2005,Hospital beds (per 10 000 population),16
Cook Islands,2005,Hospital beds (per 10 000 population),63
Costa Rica,2015,Hospital beds (per 10 000 population),11.6
Costa Rica,2014,Hospital beds (per 10 000 population),11
Costa Rica,2013,Hospital beds (per 10 000 population),11
Costa Rica,2012,Hospital beds (per 10 000 population),12
Costa Rica,2011,Hospital beds (per 10 000 population),12
Costa Rica,2010,Hospital beds (per 10 000 population),12
Costa Rica,2008,Hospital beds (per 10 000 population),12
Côte d’Ivoire,2006,Hospital beds (per 10 000 population),4
Croatia,2015,Hospital beds (per 10 000 population),55.6
Croatia,2013,Hospital beds (per 10 000 population),58.59
Croatia,2012,Hospital beds (per 10 000 population),58.88
Croatia,2011,Hospital beds (per 10 000 population),56.85
Croatia,2010,Hospital beds (per 10 000 population),56.21
Croatia,2009,Hospital beds (per 10 000 population),53.75
Croatia,2008,Hospital beds (per 10 000 population),54.76
Croatia,2007,Hospital beds (per 10 000 population),54.9
Croatia,2006,Hospital beds (per 10 000 population),54.59
Croatia,2005,Hospital beds (per 10 000 population),54.53
Croatia,2004,Hospital beds (per 10 000 population),55.3
Croatia,2003,Hospital beds (per 10 000 population),56.12
Croatia,2002,Hospital beds (per 10 000 population),56.69
Croatia,2001,Hospital beds (per 10 000 population),59.99
Croatia,2000,Hospital beds (per 10 000 population),61.52
Cuba,2014,Hospital beds (per 10 000 population),52
Cuba,2013,Hospital beds (per 10 000 population),51
Cuba,2012,Hospital beds (per 10 000 population),53
Cuba,2011,Hospital beds (per 10 000 population),51
Cuba,2010,Hospital beds (per 10 000 population),59
Cuba,2009,Hospital beds (per 10 000 population),59
Cyprus,2013,Hospital beds (per 10 000 population),34.17
Cyprus,2012,Hospital beds (per 10 000 population),34.55
Cyprus,2011,Hospital beds (per 10 000 population),35.2
Cyprus,2010,Hospital beds (per 10 000 population),35.45
Cyprus,2009,Hospital beds (per 10 000 population),37.4
Cyprus,2008,Hospital beds (per 10 000 population),37.63
Cyprus,2007,Hospital beds (per 10 000 population),37.79
Cyprus,2006,Hospital beds (per 10 000 population),37.92
Cyprus,2005,Hospital beds (per 10 000 population),38.33
Cyprus,2004,Hospital beds (per 10 000 population),42
Cyprus,2003,Hospital beds (per 10 000 population),42.68
Cyprus,2002,Hospital beds (per 10 000 population),43.57
Cyprus,2001,Hospital beds (per 10 000 population),43.75
Cyprus,2000,Hospital beds (per 10 000 population),45.36
Czechia,2015,Hospital beds (per 10 000 population),64.9
Czechia,2013,Hospital beds (per 10 000 population),64.59
Czechia,2012,Hospital beds (per 10 000 population),66.62
Czechia,2011,Hospital beds (per 10 000 population),68.36
Czechia,2010,Hospital beds (per 10 000 population),70.12
Czechia,2009,Hospital beds (per 10 000 population),71.11
Czechia,2008,Hospital beds (per 10 000 population),71.84
Czechia,2007,Hospital beds (per 10 000 population),73.14
Czechia,2006,Hospital beds (per 10 000 population),74.27
Czechia,2005,Hospital beds (per 10 000 population),75.54
Czechia,2004,Hospital beds (per 10 000 population),76.42
Czechia,2003,Hospital beds (per 10 000 population),77.27
Czechia,2002,Hospital beds (per 10 000 population),77.62
Czechia,2001,Hospital beds (per 10 000 population),77.61
Czechia,2000,Hospital beds (per 10 000 population),77.86
Democratic People's Republic of Korea,2010,Hospital beds (per 10 000 population),143
Democratic Republic of the Congo,2006,Hospital beds (per 10 000 population),8
Denmark,2015,Hospital beds (per 10 000 population),25.3
Denmark,2013,Hospital beds (per 10 000 population),30.74
Denmark,2011,Hospital beds (per 10 000 population),31.32
Denmark,2010,Hospital beds (per 10 000 population),35
Denmark,2009,Hospital beds (per 10 000 population),34.96
Denmark,2008,Hospital beds (per 10 000 population),35.74
Denmark,2007,Hospital beds (per 10 000 population),36.94
Denmark,2006,Hospital beds (per 10 000 population),37.93
Denmark,2005,Hospital beds (per 10 000 population),38.59
Denmark,2004,Hospital beds (per 10 000 population),39.74
Denmark,2003,Hospital beds (per 10 000 population),41.36
Denmark,2002,Hospital beds (per 10 000 population),42.87
Denmark,2001,Hospital beds (per 10 000 population),42.21
Denmark,2000,Hospital beds (per 10 000 population),42.96
Djibouti,2014,Hospital beds (per 10 000 population),14
Djibouti,2013,Hospital beds (per 10 000 population),14.2
Djibouti,2012,Hospital beds (per 10 000 population),14.2
Djibouti,2011,Hospital beds (per 10 000 population),14.2
Djibouti,2010,Hospital beds (per 10 000 population),14.15
Djibouti,2006,Hospital beds (per 10 000 population),16.1
Djibouti,2005,Hospital beds (per 10 000 population),16.1
Djibouti,2004,Hospital beds (per 10 000 population),16.1
Djibouti,2003,Hospital beds (per 10 000 population),16.1
Djibouti,2002,Hospital beds (per 10 000 population),17.5
Djibouti,2001,Hospital beds (per 10 000 population),17.5
Djibouti,2000,Hospital beds (per 10 000 population),17.5
Dominican Republic,2014,Hospital beds (per 10 000 population),16
Dominican Republic,2013,Hospital beds (per 10 000 population),16
Dominican Republic,2011,Hospital beds (per 10 000 population),17
Dominican Republic,2010,Hospital beds (per 10 000 population),16
Ecuador,2013,Hospital beds (per 10 000 population),15
Ecuador,2012,Hospital beds (per 10 000 population),15
Ecuador,2011,Hospital beds (per 10 000 population),16
Ecuador,2010,Hospital beds (per 10 000 population),16
Ecuador,2009,Hospital beds (per 10 000 population),16
Ecuador,2007,Hospital beds (per 10 000 population),15
Egypt,2014,Hospital beds (per 10 000 population),15.6
Egypt,2013,Hospital beds (per 10 000 population),5.2
Egypt,2012,Hospital beds (per 10 000 population),5.2
Egypt,2011,Hospital beds (per 10 000 population),5.2
Egypt,2010,Hospital beds (per 10 000 population),17.3
Egypt,2009,Hospital beds (per 10 000 population),17.3
Egypt,2008,Hospital beds (per 10 000 population),20.8
Egypt,2007,Hospital beds (per 10 000 population),21
Egypt,2006,Hospital beds (per 10 000 population),22
Egypt,2005,Hospital beds (per 10 000 population),22
Egypt,2004,Hospital beds (per 10 000 population),21.7
Egypt,2003,Hospital beds (per 10 000 population),21.7
Egypt,2002,Hospital beds (per 10 000 population),21
Egypt,2001,Hospital beds (per 10 000 population),21
Egypt,2000,Hospital beds (per 10 000 population),21
El Salvador,2014,Hospital beds (per 10 000 population),13
El Salvador,2013,Hospital beds (per 10 000 population),11
El Salvador,2012,Hospital beds (per 10 000 population),11
El Salvador,2011,Hospital beds (per 10 000 population),10
El Salvador,2010,Hospital beds (per 10 000 population),10
El Salvador,2009,Hospital beds (per 10 000 population),11
Equatorial Guinea,2010,Hospital beds (per 10 000 population),21
Equatorial Guinea,2009,Hospital beds (per 10 000 population),19
Eritrea,2011,Hospital beds (per 10 000 population),7
Eritrea,2006,Hospital beds (per 10 000 population),12
Estonia,2015,Hospital beds (per 10 000 population),49.6
Estonia,2013,Hospital beds (per 10 000 population),50.05
Estonia,2012,Hospital beds (per 10 000 population),55.26
Estonia,2011,Hospital beds (per 10 000 population),53.09
Estonia,2010,Hospital beds (per 10 000 population),52.4
Estonia,2009,Hospital beds (per 10 000 population),53.47
Estonia,2008,Hospital beds (per 10 000 population),56.17
Estonia,2007,Hospital beds (per 10 000 population),54.78
Estonia,2006,Hospital beds (per 10 000 population),55.64
Estonia,2005,Hospital beds (per 10 000 population),54.17
Estonia,2004,Hospital beds (per 10 000 population),56.99
Estonia,2003,Hospital beds (per 10 000 population),57.32
Estonia,2002,Hospital beds (per 10 000 population),59.8
Estonia,2001,Hospital beds (per 10 000 population),65.99
Estonia,2000,Hospital beds (per 10 000 population),70.35
Eswatini,2011,Hospital beds (per 10 000 population),21
Eswatini,2006,Hospital beds (per 10 000 population),21
Ethiopia,2015,Hospital beds (per 10 000 population),3.12
Ethiopia,2008,Hospital beds (per 10 000 population),2
Fiji,2011,Hospital beds (per 10 000 population),23
Finland,2015,Hospital beds (per 10 000 population),43.5
Finland,2013,Hospital beds (per 10 000 population),48.59
Finland,2012,Hospital beds (per 10 000 population),52.98
Finland,2011,Hospital beds (per 10 000 population),55.22
Finland,2010,Hospital beds (per 10 000 population),58.54
Finland,2009,Hospital beds (per 10 000 population),62.52
Finland,2008,Hospital beds (per 10 000 population),65.68
Finland,2007,Hospital beds (per 10 000 population),67.33
Finland,2006,Hospital beds (per 10 000 population),69.87
Finland,2005,Hospital beds (per 10 000 population),70.53
Finland,2004,Hospital beds (per 10 000 population),70.99
Finland,2003,Hospital beds (per 10 000 population),72.43
Finland,2002,Hospital beds (per 10 000 population),73.51
Finland,2001,Hospital beds (per 10 000 population),74.62
Finland,2000,Hospital beds (per 10 000 population),75.4
France,2013,Hospital beds (per 10 000 population),64.77
France,2012,Hospital beds (per 10 000 population),65.28
France,2011,Hospital beds (per 10 000 population),65.51
France,2010,Hospital beds (per 10 000 population),66.22
France,2009,Hospital beds (per 10 000 population),68.62
France,2008,Hospital beds (per 10 000 population),71.1
France,2007,Hospital beds (per 10 000 population),72.72
France,2006,Hospital beds (per 10 000 population),73.24
France,2005,Hospital beds (per 10 000 population),74.62
France,2004,Hospital beds (per 10 000 population),76.21
France,2003,Hospital beds (per 10 000 population),77.87
France,2002,Hospital beds (per 10 000 population),79.67
France,2001,Hospital beds (per 10 000 population),80.93
France,2000,Hospital beds (per 10 000 population),82.23
Gabon,2008,Hospital beds (per 10 000 population),13
Gambia,2011,Hospital beds (per 10 000 population),11
Gambia,2009,Hospital beds (per 10 000 population),11
Georgia,2013,Hospital beds (per 10 000 population),25.85
Georgia,2012,Hospital beds (per 10 000 population),25.27
Georgia,2011,Hospital beds (per 10 000 population),28.1
Georgia,2010,Hospital beds (per 10 000 population),29.93
Georgia,2009,Hospital beds (per 10 000 population),30.91
Georgia,2008,Hospital beds (per 10 000 population),32.09
Georgia,2007,Hospital beds (per 10 000 population),33.19
Georgia,2006,Hospital beds (per 10 000 population),37.42
Georgia,2005,Hospital beds (per 10 000 population),39.2
Georgia,2004,Hospital beds (per 10 000 population),41.23
Georgia,2003,Hospital beds (per 10 000 population),41.93
Georgia,2002,Hospital beds (per 10 000 population),41.98
Georgia,2001,Hospital beds (per 10 000 population),44.52
Georgia,2000,Hospital beds (per 10 000 population),48.08
Germany,2013,Hospital beds (per 10 000 population),82.78
Germany,2012,Hospital beds (per 10 000 population),81.84
Germany,2011,Hospital beds (per 10 000 population),82.24
Germany,2010,Hospital beds (per 10 000 population),82.5
Germany,2009,Hospital beds (per 10 000 population),82.42
Germany,2008,Hospital beds (per 10 000 population),82.13
Germany,2007,Hospital beds (per 10 000 population),82.4
Germany,2006,Hospital beds (per 10 000 population),82.98
Germany,2005,Hospital beds (per 10 000 population),84.68
Germany,2004,Hospital beds (per 10 000 population),85.79
Germany,2003,Hospital beds (per 10 000 population),87.46
Germany,2002,Hospital beds (per 10 000 population),88.74
Germany,2001,Hospital beds (per 10 000 population),90.11
Germany,2000,Hospital beds (per 10 000 population),91.19
Ghana,2011,Hospital beds (per 10 000 population),9
Ghana,2009,Hospital beds (per 10 000 population),9
Greece,2015,Hospital beds (per 10 000 population),42.5
Greece,2012,Hospital beds (per 10 000 population),44.4
Greece,2011,Hospital beds (per 10 000 population),44.7
Greece,2010,Hospital beds (per 10 000 population),47.77
Greece,2009,Hospital beds (per 10 000 population),48.49
Greece,2008,Hospital beds (per 10 000 population),47.75
Greece,2007,Hospital beds (per 10 000 population),48.15
Greece,2006,Hospital beds (per 10 000 population),48.17
Greece,2005,Hospital beds (per 10 000 population),47.29
Greece,2004,Hospital beds (per 10 000 population),46.89
Greece,2003,Hospital beds (per 10 000 population),46.96
Greece,2002,Hospital beds (per 10 000 population),47.13
Greece,2001,Hospital beds (per 10 000 population),47.74
Greece,2000,Hospital beds (per 10 000 population),47.17
Grenada,2014,Hospital beds (per 10 000 population),37
Grenada,2013,Hospital beds (per 10 000 population),37
Grenada,2012,Hospital beds (per 10 000 population),35
Grenada,2011,Hospital beds (per 10 000 population),35
Grenada,2008,Hospital beds (per 10 000 population),26
Guatemala,2014,Hospital beds (per 10 000 population),6
Guatemala,2012,Hospital beds (per 10 000 population),6
Guatemala,2011,Hospital beds (per 10 000 population),6
Guatemala,2010,Hospital beds (per 10 000 population),6
Guatemala,2009,Hospital beds (per 10 000 population),6
Guinea,2011,Hospital beds (per 10 000 population),3
Guinea,2005,Hospital beds (per 10 000 population),3
Guinea-Bissau,2009,Hospital beds (per 10 000 population),10
Guyana,2014,Hospital beds (per 10 000 population),16
Guyana,2009,Hospital beds (per 10 000 population),20
Guyana,2007,Hospital beds (per 10 000 population),19
Guyana,2006,Hospital beds (per 10 000 population),25
Haiti,2013,Hospital beds (per 10 000 population),7
Haiti,2000,Hospital beds (per 10 000 population),7
Honduras,2014,Hospital beds (per 10 000 population),7
Honduras,2013,Hospital beds (per 10 000 population),7
Honduras,2012,Hospital beds (per 10 000 population),7
Honduras,2011,Hospital beds (per 10 000 population),7
Honduras,2010,Hospital beds (per 10 000 population),8
Honduras,2009,Hospital beds (per 10 000 population),8
Hungary,2013,Hospital beds (per 10 000 population),70.37
Hungary,2012,Hospital beds (per 10 000 population),70.01
Hungary,2011,Hospital beds (per 10 000 population),71.87
Hungary,2010,Hospital beds (per 10 000 population),71.82
Hungary,2009,Hospital beds (per 10 000 population),71.44
Hungary,2008,Hospital beds (per 10 000 population),71.05
Hungary,2007,Hospital beds (per 10 000 population),71.86
Hungary,2006,Hospital beds (per 10 000 population),79.77
Hungary,2005,Hospital beds (per 10 000 population),79.15
Hungary,2004,Hospital beds (per 10 000 population),78.88
Hungary,2003,Hospital beds (per 10 000 population),78.95
Hungary,2002,Hospital beds (per 10 000 population),79.11
Hungary,2001,Hospital beds (per 10 000 population),79.18
Hungary,2000,Hospital beds (per 10 000 population),81.55
Iceland,2014,Hospital beds (per 10 000 population),31.71
Iceland,2013,Hospital beds (per 10 000 population),32.25
Iceland,2012,Hospital beds (per 10 000 population),32.65
Iceland,2011,Hospital beds (per 10 000 population),33.1
Iceland,2010,Hospital beds (per 10 000 population),36.23
Iceland,2009,Hospital beds (per 10 000 population),37.28
Iceland,2008,Hospital beds (per 10 000 population),39.24
Iceland,2007,Hospital beds (per 10 000 population),41.59
India,2011,Hospital beds (per 10 000 population),6.6
Indonesia,2015,Hospital beds (per 10 000 population),12.1
Indonesia,2010,Hospital beds (per 10 000 population),6
Iran (Islamic Republic of),2014,Hospital beds (per 10 000 population),15
Iran (Islamic Republic of),2013,Hospital beds (per 10 000 population),15
Iran (Islamic Republic of),2012,Hospital beds (per 10 000 population),1.4
Iran (Islamic Republic of),2011,Hospital beds (per 10 000 population),17.4
Iran (Islamic Republic of),2010,Hospital beds (per 10 000 population),17.4
Iran (Islamic Republic of),2009,Hospital beds (per 10 000 population),13.8
Iran (Islamic Republic of),2008,Hospital beds (per 10 000 population),13.8
Iran (Islamic Republic of),2007,Hospital beds (per 10 000 population),17.2
Iran (Islamic Republic of),2006,Hospital beds (per 10 000 population),17.2
Iran (Islamic Republic of),2005,Hospital beds (per 10 000 population),17.2
Iran (Islamic Republic of),2004,Hospital beds (per 10 000 population),16.3
Iran (Islamic Republic of),2003,Hospital beds (per 10 000 population),16.3
Iran (Islamic Republic of),2002,Hospital beds (per 10 000 population),16.3
Iran (Islamic Republic of),2001,Hospital beds (per 10 000 population),15.9
Iran (Islamic Republic of),2000,Hospital beds (per 10 000 population),15.9
Iraq,2014,Hospital beds (per 10 000 population),13.8
Iraq,2013,Hospital beds (per 10 000 population),13
Iraq,2012,Hospital beds (per 10 000 population),13
Iraq,2011,Hospital beds (per 10 000 population),13
Iraq,2010,Hospital beds (per 10 000 population),13
Iraq,2009,Hospital beds (per 10 000 population),12.7
Iraq,2008,Hospital beds (per 10 000 population),12.6
Iraq,2007,Hospital beds (per 10 000 population),13.3
Iraq,2006,Hospital beds (per 10 000 population),13
Iraq,2005,Hospital beds (per 10 000 population),13
Iraq,2004,Hospital beds (per 10 000 population),13.3
Iraq,2003,Hospital beds (per 10 000 population),13.1
Iraq,2002,Hospital beds (per 10 000 population),12.7
Iraq,2001,Hospital beds (per 10 000 population),13
Iraq,2000,Hospital beds (per 10 000 population),12
Ireland,2013,Hospital beds (per 10 000 population),27.61
Ireland,2012,Hospital beds (per 10 000 population),27.75
Ireland,2011,Hospital beds (per 10 000 population),28.87
Ireland,2010,Hospital beds (per 10 000 population),30.38
Ireland,2009,Hospital beds (per 10 000 population),31.74
Ireland,2008,Hospital beds (per 10 000 population),49.27
Ireland,2007,Hospital beds (per 10 000 population),51.67
Ireland,2006,Hospital beds (per 10 000 population),53
Ireland,2005,Hospital beds (per 10 000 population),54.98
Ireland,2004,Hospital beds (per 10 000 population),56.78
Ireland,2003,Hospital beds (per 10 000 population),56.97
Ireland,2002,Hospital beds (per 10 000 population),58.03
Ireland,2001,Hospital beds (per 10 000 population),58.9
Ireland,2000,Hospital beds (per 10 000 population),61.58
Israel,2013,Hospital beds (per 10 000 population),30.92
Israel,2012,Hospital beds (per 10 000 population),31.01
Israel,2011,Hospital beds (per 10 000 population),31.42
Israel,2010,Hospital beds (per 10 000 population),31.59
Israel,2009,Hospital beds (per 10 000 population),31.93
Israel,2008,Hospital beds (per 10 000 population),32.46
Israel,2007,Hospital beds (per 10 000 population),33
Israel,2006,Hospital beds (per 10 000 population),33.53
Israel,2005,Hospital beds (per 10 000 population),36.81
Israel,2004,Hospital beds (per 10 000 population),37.45
Israel,2003,Hospital beds (per 10 000 population),38.07
Israel,2002,Hospital beds (per 10 000 population),37.58
Israel,2001,Hospital beds (per 10 000 population),38.05
Israel,2000,Hospital beds (per 10 000 population),37.12
Italy,2012,Hospital beds (per 10 000 population),34.22
Italy,2011,Hospital beds (per 10 000 population),35.17
Italy,2010,Hospital beds (per 10 000 population),35.71
Italy,2009,Hospital beds (per 10 000 population),36.26
Italy,2008,Hospital beds (per 10 000 population),37.27
Italy,2007,Hospital beds (per 10 000 population),38.45
Italy,2006,Hospital beds (per 10 000 population),39.39
Italy,2005,Hospital beds (per 10 000 population),40.43
Italy,2004,Hospital beds (per 10 000 population),39.87
Italy,2003,Hospital beds (per 10 000 population),41.59
Italy,2002,Hospital beds (per 10 000 population),44.41
Italy,2001,Hospital beds (per 10 000 population),46.15
Italy,2000,Hospital beds (per 10 000 population),47.09
Jamaica,2013,Hospital beds (per 10 000 population),17
Jamaica,2012,Hospital beds (per 10 000 population),17
Jamaica,2010,Hospital beds (per 10 000 population),18
Jamaica,2009,Hospital beds (per 10 000 population),17
Japan,2012,Hospital beds (per 10 000 population),134
Jordan,2015,Hospital beds (per 10 000 population),14
Jordan,2014,Hospital beds (per 10 000 population),18.9
Jordan,2013,Hospital beds (per 10 000 population),18
Jordan,2012,Hospital beds (per 10 000 population),18
Jordan,2011,Hospital beds (per 10 000 population),18
Jordan,2010,Hospital beds (per 10 000 population),18
Jordan,2009,Hospital beds (per 10 000 population),18
Jordan,2008,Hospital beds (per 10 000 population),18
Jordan,2007,Hospital beds (per 10 000 population),19
Jordan,2006,Hospital beds (per 10 000 population),19
Jordan,2005,Hospital beds (per 10 000 population),17
Jordan,2004,Hospital beds (per 10 000 population),17
Jordan,2003,Hospital beds (per 10 000 population),17
Jordan,2002,Hospital beds (per 10 000 population),17
Jordan,2001,Hospital beds (per 10 000 population),17
Jordan,2000,Hospital beds (per 10 000 population),17
Kazakhstan,2013,Hospital beds (per 10 000 population),67.18
Kazakhstan,2012,Hospital beds (per 10 000 population),70.07
Kazakhstan,2011,Hospital beds (per 10 000 population),71.1
Kazakhstan,2010,Hospital beds (per 10 000 population),72.92
Kazakhstan,2009,Hospital beds (per 10 000 population),76.14
Kazakhstan,2008,Hospital beds (per 10 000 population),77.1
Kazakhstan,2007,Hospital beds (per 10 000 population),77.21
Kazakhstan,2006,Hospital beds (per 10 000 population),77.76
Kazakhstan,2005,Hospital beds (per 10 000 population),77.62
Kazakhstan,2004,Hospital beds (per 10 000 population),77.69
Kazakhstan,2003,Hospital beds (per 10 000 population),76.99
Kazakhstan,2002,Hospital beds (per 10 000 population),70.18
Kazakhstan,2001,Hospital beds (per 10 000 population),69.69
Kazakhstan,2000,Hospital beds (per 10 000 population),71.92
Kenya,2010,Hospital beds (per 10 000 population),14
Kenya,2004,Hospital beds (per 10 000 population),14
Kiribati,2015,Hospital beds (per 10 000 population),18.6
Kuwait,2014,Hospital beds (per 10 000 population),20.4
Kuwait,2013,Hospital beds (per 10 000 population),22
Kuwait,2012,Hospital beds (per 10 000 population),22
Kuwait,2011,Hospital beds (per 10 000 population),18.5
Kuwait,2010,Hospital beds (per 10 000 population),20
Kuwait,2009,Hospital beds (per 10 000 population),18
Kuwait,2008,Hospital beds (per 10 000 population),18
Kuwait,2007,Hospital beds (per 10 000 population),19
Kuwait,2006,Hospital beds (per 10 000 population),19
Kuwait,2005,Hospital beds (per 10 000 population),19
Kuwait,2004,Hospital beds (per 10 000 population),21
Kuwait,2003,Hospital beds (per 10 000 population),22
Kuwait,2002,Hospital beds (per 10 000 population),22
Kuwait,2001,Hospital beds (per 10 000 population),23
Kuwait,2000,Hospital beds (per 10 000 population),24
Kyrgyzstan,2013,Hospital beds (per 10 000 population),45.12
Kyrgyzstan,2012,Hospital beds (per 10 000 population),46.39
Kyrgyzstan,2011,Hospital beds (per 10 000 population),46.98
Kyrgyzstan,2010,Hospital beds (per 10 000 population),47.56
Kyrgyzstan,2009,Hospital beds (per 10 000 population),48.25
Kyrgyzstan,2008,Hospital beds (per 10 000 population),50.12
Kyrgyzstan,2007,Hospital beds (per 10 000 population),50.6
Kyrgyzstan,2006,Hospital beds (per 10 000 population),50.85
Kyrgyzstan,2005,Hospital beds (per 10 000 population),51.16
Kyrgyzstan,2004,Hospital beds (per 10 000 population),51.41
Kyrgyzstan,2003,Hospital beds (per 10 000 population),53.07
Kyrgyzstan,2002,Hospital beds (per 10 000 population),55.28
Kyrgyzstan,2001,Hospital beds (per 10 000 population),61.52
Kyrgyzstan,2000,Hospital beds (per 10 000 population),70.41
Lao People's Democratic Republic,2012,Hospital beds (per 10 000 population),15
Latvia,2013,Hospital beds (per 10 000 population),58
Latvia,2012,Hospital beds (per 10 000 population),58.85
Latvia,2011,Hospital beds (per 10 000 population),58.8
Latvia,2010,Hospital beds (per 10 000 population),56.83
Latvia,2009,Hospital beds (per 10 000 population),67.4
Latvia,2008,Hospital beds (per 10 000 population),77.65
Latvia,2007,Hospital beds (per 10 000 population),78.32
Latvia,2006,Hospital beds (per 10 000 population),78.47
Latvia,2005,Hospital beds (per 10 000 population),79.04
Latvia,2004,Hospital beds (per 10 000 population),79.14
Latvia,2003,Hospital beds (per 10 000 population),79.54
Latvia,2002,Hospital beds (per 10 000 population),78.67
Latvia,2001,Hospital beds (per 10 000 population),82.79
Latvia,2000,Hospital beds (per 10 000 population),87.74
Lebanon,2014,Hospital beds (per 10 000 population),28.5
Lebanon,2013,Hospital beds (per 10 000 population),28.6
Lebanon,2012,Hospital beds (per 10 000 population),34.5
Lebanon,2011,Hospital beds (per 10 000 population),34.5
Lebanon,2010,Hospital beds (per 10 000 population),34.5
Lebanon,2009,Hospital beds (per 10 000 population),34.5
Lebanon,2008,Hospital beds (per 10 000 population),34.3
Lebanon,2007,Hospital beds (per 10 000 population),34.3
Lebanon,2006,Hospital beds (per 10 000 population),36
Lebanon,2005,Hospital beds (per 10 000 population),36
Lebanon,2004,Hospital beds (per 10 000 population),30
Lebanon,2003,Hospital beds (per 10 000 population),30
Lebanon,2002,Hospital beds (per 10 000 population),30
Lebanon,2001,Hospital beds (per 10 000 population),30
Lebanon,2000,Hospital beds (per 10 000 population),30.7
Lesotho,2006,Hospital beds (per 10 000 population),13
Liberia,2010,Hospital beds (per 10 000 population),8
Liberia,2009,Hospital beds (per 10 000 population),7
Libya,2014,Hospital beds (per 10 000 population),37
Libya,2013,Hospital beds (per 10 000 population),37
Libya,2012,Hospital beds (per 10 000 population),37
Libya,2011,Hospital beds (per 10 000 population),37
Libya,2010,Hospital beds (per 10 000 population),37
Libya,2009,Hospital beds (per 10 000 population),37
Libya,2008,Hospital beds (per 10 000 population),37
Libya,2007,Hospital beds (per 10 000 population),37
Libya,2006,Hospital beds (per 10 000 population),37
Libya,2005,Hospital beds (per 10 000 population),34
Libya,2004,Hospital beds (per 10 000 population),39
Libya,2003,Hospital beds (per 10 000 population),39
Libya,2002,Hospital beds (per 10 000 population),39
Libya,2001,Hospital beds (per 10 000 population),38.5
Libya,2000,Hospital beds (per 10 000 population),41.2
Lithuania,2013,Hospital beds (per 10 000 population),72.82
Lithuania,2012,Hospital beds (per 10 000 population),74.32
Lithuania,2011,Hospital beds (per 10 000 population),74.47
Lithuania,2010,Hospital beds (per 10 000 population),71.64
Lithuania,2009,Hospital beds (per 10 000 population),71.83
Lithuania,2008,Hospital beds (per 10 000 population),71.78
Lithuania,2007,Hospital beds (per 10 000 population),71.9
Lithuania,2006,Hospital beds (per 10 000 population),71.5
Lithuania,2005,Hospital beds (per 10 000 population),72.84
Lithuania,2004,Hospital beds (per 10 000 population),75.66
Lithuania,2003,Hospital beds (per 10 000 population),78.54
Lithuania,2002,Hospital beds (per 10 000 population),81.01
Lithuania,2001,Hospital beds (per 10 000 population),83.33
Lithuania,2000,Hospital beds (per 10 000 population),88.33
Luxembourg,2015,Hospital beds (per 10 000 population),48.2
Luxembourg,2014,Hospital beds (per 10 000 population),49.34
Luxembourg,2013,Hospital beds (per 10 000 population),50.54
Luxembourg,2012,Hospital beds (per 10 000 population),51.53
Luxembourg,2011,Hospital beds (per 10 000 population),52.78
Luxembourg,2010,Hospital beds (per 10 000 population),53.67
Luxembourg,2009,Hospital beds (per 10 000 population),54.66
Luxembourg,2008,Hospital beds (per 10 000 population),55.68
Luxembourg,2007,Hospital beds (per 10 000 population),56.69
Luxembourg,2006,Hospital beds (per 10 000 population),56.51
Luxembourg,2005,Hospital beds (per 10 000 population),57.85
Luxembourg,2004,Hospital beds (per 10 000 population),63.94
Madagascar,2010,Hospital beds (per 10 000 population),2
Madagascar,2005,Hospital beds (per 10 000 population),3
Malawi,2011,Hospital beds (per 10 000 population),13
Malawi,2007,Hospital beds (per 10 000 population),11
Malaysia,2015,Hospital beds (per 10 000 population),18.6
Malaysia,2012,Hospital beds (per 10 000 population),19
Maldives,2009,Hospital beds (per 10 000 population),43
Mali,2010,Hospital beds (per 10 000 population),1
Mali,2008,Hospital beds (per 10 000 population),6
Malta,2014,Hospital beds (per 10 000 population),46.65
Malta,2013,Hospital beds (per 10 000 population),48.04
Malta,2012,Hospital beds (per 10 000 population),47.13
Malta,2011,Hospital beds (per 10 000 population),43.81
Malta,2010,Hospital beds (per 10 000 population),45.2
Malta,2009,Hospital beds (per 10 000 population),48.31
Malta,2008,Hospital beds (per 10 000 population),73.88
Malta,2007,Hospital beds (per 10 000 population),78.47
Malta,2006,Hospital beds (per 10 000 population),75.69
Malta,2005,Hospital beds (per 10 000 population),74.45
Malta,2004,Hospital beds (per 10 000 population),74.56
Malta,2003,Hospital beds (per 10 000 population),74.29
Malta,2002,Hospital beds (per 10 000 population),74.83
Malta,2001,Hospital beds (per 10 000 population),75.67
Malta,2000,Hospital beds (per 10 000 population),54.77
Mauritania,2006,Hospital beds (per 10 000 population),4
Mauritius,2011,Hospital beds (per 10 000 population),34
Mauritius,2008,Hospital beds (per 10 000 population),33
Mexico,2015,Hospital beds (per 10 000 population),15.2
Mexico,2013,Hospital beds (per 10 000 population),16
Mexico,2012,Hospital beds (per 10 000 population),15
Mexico,2011,Hospital beds (per 10 000 population),15
Mexico,2010,Hospital beds (per 10 000 population),17
Mexico,2009,Hospital beds (per 10 000 population),16
Mexico,2008,Hospital beds (per 10 000 population),16
Mongolia,2012,Hospital beds (per 10 000 population),70
Montenegro,2012,Hospital beds (per 10 000 population),39.65
Montenegro,2011,Hospital beds (per 10 000 population),39.74
Montenegro,2010,Hospital beds (per 10 000 population),39.95
Montenegro,2009,Hospital beds (per 10 000 population),38.59
Montenegro,2008,Hospital beds (per 10 000 population),38.52
Montenegro,2007,Hospital beds (per 10 000 population),39.78
Montenegro,2006,Hospital beds (per 10 000 population),41.43
Montenegro,2005,Hospital beds (per 10 000 population),41.84
Montenegro,2004,Hospital beds (per 10 000 population),42.15
Montenegro,2003,Hospital beds (per 10 000 population),42.24
Montenegro,2002,Hospital beds (per 10 000 population),41.97
Montenegro,2001,Hospital beds (per 10 000 population),42.53
Montenegro,2000,Hospital beds (per 10 000 population),42.24
Morocco,2014,Hospital beds (per 10 000 population),11
Morocco,2013,Hospital beds (per 10 000 population),8.5
Morocco,2012,Hospital beds (per 10 000 population),8.5
Morocco,2011,Hospital beds (per 10 000 population),8.5
Morocco,2010,Hospital beds (per 10 000 population),11.26
Morocco,2009,Hospital beds (per 10 000 population),11.3
Morocco,2008,Hospital beds (per 10 000 population),11
Morocco,2007,Hospital beds (per 10 000 population),8.7
Morocco,2006,Hospital beds (per 10 000 population),8.7
Morocco,2005,Hospital beds (per 10 000 population),8.7
Morocco,2004,Hospital beds (per 10 000 population),8.7
Morocco,2003,Hospital beds (per 10 000 population),7.8
Morocco,2002,Hospital beds (per 10 000 population),10.9
Morocco,2001,Hospital beds (per 10 000 population),8.7
Morocco,2000,Hospital beds (per 10 000 population),11
Mozambique,2011,Hospital beds (per 10 000 population),7
Mozambique,2007,Hospital beds (per 10 000 population),8
Myanmar,2012,Hospital beds (per 10 000 population),9
Namibia,2009,Hospital beds (per 10 000 population),27
Nauru,2010,Hospital beds (per 10 000 population),50
Nauru,2007,Hospital beds (per 10 000 population),35
Nepal,2012,Hospital beds (per 10 000 population),3
Netherlands,2009,Hospital beds (per 10 000 population),46.57
Netherlands,2008,Hospital beds (per 10 000 population),46.99
Netherlands,2007,Hospital beds (per 10 000 population),47.42
Netherlands,2006,Hospital beds (per 10 000 population),47.8
Netherlands,2005,Hospital beds (per 10 000 population),44.55
Netherlands,2004,Hospital beds (per 10 000 population),44.72
Netherlands,2003,Hospital beds (per 10 000 population),45
Netherlands,2002,Hospital beds (per 10 000 population),45.71
Netherlands,2001,Hospital beds (per 10 000 population),46.51
Netherlands,2000,Hospital beds (per 10 000 population),48.26
New Zealand,2013,Hospital beds (per 10 000 population),28
Nicaragua,2014,Hospital beds (per 10 000 population),9
Nicaragua,2013,Hospital beds (per 10 000 population),9
Nicaragua,2012,Hospital beds (per 10 000 population),9
Nicaragua,2011,Hospital beds (per 10 000 population),11
Nicaragua,2010,Hospital beds (per 10 000 population),8
Nicaragua,2008,Hospital beds (per 10 000 population),9
Niger,2015,Hospital beds (per 10 000 population),2.8
Niger,2005,Hospital beds (per 10 000 population),3
Nigeria,2004,Hospital beds (per 10 000 population),5
Niue,2006,Hospital beds (per 10 000 population),52
Norway,2013,Hospital beds (per 10 000 population),38.58
Norway,2012,Hospital beds (per 10 000 population),39.73
Norway,2011,Hospital beds (per 10 000 population),41.95
Norway,2010,Hospital beds (per 10 000 population),43.04
Norway,2009,Hospital beds (per 10 000 population),45.23
Norway,2008,Hospital beds (per 10 000 population),46.35
Norway,2007,Hospital beds (per 10 000 population),48.64
Norway,2006,Hospital beds (per 10 000 population),50.27
Norway,2005,Hospital beds (per 10 000 population),51.61
Norway,2004,Hospital beds (per 10 000 population),52.45
Norway,2003,Hospital beds (per 10 000 population),49.89
Norway,2002,Hospital beds (per 10 000 population),49.94
Norway,2001,Hospital beds (per 10 000 population),38.17
Norway,2000,Hospital beds (per 10 000 population),38.15
Oman,2014,Hospital beds (per 10 000 population),15.8
Oman,2013,Hospital beds (per 10 000 population),17.1
Oman,2012,Hospital beds (per 10 000 population),16.5
Oman,2011,Hospital beds (per 10 000 population),17.7
Oman,2010,Hospital beds (per 10 000 population),17.7
Oman,2009,Hospital beds (per 10 000 population),19
Oman,2008,Hospital beds (per 10 000 population),20.2
Oman,2007,Hospital beds (per 10 000 population),20.2
Oman,2006,Hospital beds (per 10 000 population),21
Oman,2005,Hospital beds (per 10 000 population),21
Oman,2004,Hospital beds (per 10 000 population),22
Oman,2003,Hospital beds (per 10 000 population),20.4
Oman,2002,Hospital beds (per 10 000 population),20.4
Oman,2001,Hospital beds (per 10 000 population),21
Oman,2000,Hospital beds (per 10 000 population),21.8
Pakistan,2014,Hospital beds (per 10 000 population),6
Pakistan,2013,Hospital beds (per 10 000 population),6
Pakistan,2012,Hospital beds (per 10 000 population),6
Pakistan,2011,Hospital beds (per 10 000 population),6
Pakistan,2010,Hospital beds (per 10 000 population),6
Pakistan,2009,Hospital beds (per 10 000 population),6
Pakistan,2008,Hospital beds (per 10 000 population),6
Pakistan,2007,Hospital beds (per 10 000 population),10
Pakistan,2006,Hospital beds (per 10 000 population),12.5
Pakistan,2005,Hospital beds (per 10 000 population),7
Pakistan,2004,Hospital beds (per 10 000 population),6.8
Pakistan,2003,Hospital beds (per 10 000 population),6.8
Pakistan,2002,Hospital beds (per 10 000 population),6.9
Pakistan,2001,Hospital beds (per 10 000 population),6.6
Pakistan,2000,Hospital beds (per 10 000 population),6.7
Panama,2013,Hospital beds (per 10 000 population),23
Panama,2012,Hospital beds (per 10 000 population),23
Panama,2011,Hospital beds (per 10 000 population),22
Panama,2010,Hospital beds (per 10 000 population),24
Panama,2009,Hospital beds (per 10 000 population),23
Panama,2008,Hospital beds (per 10 000 population),23
Panama,2007,Hospital beds (per 10 000 population),23
Panama,2006,Hospital beds (per 10 000 population),23
Panama,2005,Hospital beds (per 10 000 population),22
Paraguay,2011,Hospital beds (per 10 000 population),13
Paraguay,2010,Hospital beds (per 10 000 population),13
Peru,2014,Hospital beds (per 10 000 population),16
Peru,2013,Hospital beds (per 10 000 population),15
Peru,2012,Hospital beds (per 10 000 population),15
Peru,2011,Hospital beds (per 10 000 population),15
Peru,2010,Hospital beds (per 10 000 population),15
Peru,2009,Hospital beds (per 10 000 population),16
Philippines,2010,Hospital beds (per 10 000 population),5
Poland,2013,Hospital beds (per 10 000 population),65
Poland,2012,Hospital beds (per 10 000 population),65.2
Poland,2011,Hospital beds (per 10 000 population),65.48
Poland,2010,Hospital beds (per 10 000 population),65.29
Poland,2009,Hospital beds (per 10 000 population),66.53
Poland,2008,Hospital beds (per 10 000 population),66.21
Poland,2007,Hospital beds (per 10 000 population),64.25
Poland,2006,Hospital beds (per 10 000 population),64.74
Poland,2005,Hospital beds (per 10 000 population),65.21
Poland,2004,Hospital beds (per 10 000 population),66.68
Poland,2003,Hospital beds (per 10 000 population),66.81
Portugal,2013,Hospital beds (per 10 000 population),33.95
Portugal,2012,Hospital beds (per 10 000 population),34.06
Portugal,2011,Hospital beds (per 10 000 population),33.72
Portugal,2010,Hospital beds (per 10 000 population),33.71
Portugal,2009,Hospital beds (per 10 000 population),33.72
Portugal,2008,Hospital beds (per 10 000 population),33.91
Portugal,2007,Hospital beds (per 10 000 population),34.36
Portugal,2006,Hospital beds (per 10 000 population),34.79
Portugal,2005,Hospital beds (per 10 000 population),35.58
Portugal,2004,Hospital beds (per 10 000 population),35.89
Portugal,2003,Hospital beds (per 10 000 population),35.82
Portugal,2002,Hospital beds (per 10 000 population),35.67
Portugal,2001,Hospital beds (per 10 000 population),36.49
Portugal,2000,Hospital beds (per 10 000 population),37.09
Qatar,2014,Hospital beds (per 10 000 population),12
Qatar,2013,Hospital beds (per 10 000 population),14
Qatar,2012,Hospital beds (per 10 000 population),12
Qatar,2011,Hospital beds (per 10 000 population),12
Qatar,2010,Hospital beds (per 10 000 population),12.3
Qatar,2009,Hospital beds (per 10 000 population),14
Qatar,2008,Hospital beds (per 10 000 population),25.2
Qatar,2007,Hospital beds (per 10 000 population),25.2
Qatar,2006,Hospital beds (per 10 000 population),25.2
Qatar,2005,Hospital beds (per 10 000 population),24.3
Qatar,2004,Hospital beds (per 10 000 population),23.6
Qatar,2003,Hospital beds (per 10 000 population),23.6
Qatar,2002,Hospital beds (per 10 000 population),23.6
Qatar,2001,Hospital beds (per 10 000 population),24.2
Qatar,2000,Hospital beds (per 10 000 population),23.6
Republic of Korea,2015,Hospital beds (per 10 000 population),115.3
Republic of Korea,2012,Hospital beds (per 10 000 population),103
Republic of Moldova,2013,Hospital beds (per 10 000 population),58.34
Republic of Moldova,2012,Hospital beds (per 10 000 population),62.26
Republic of Moldova,2011,Hospital beds (per 10 000 population),61.89
Republic of Moldova,2010,Hospital beds (per 10 000 population),61.82
Republic of Moldova,2009,Hospital beds (per 10 000 population),61.53
Republic of Moldova,2008,Hospital beds (per 10 000 population),61.06
Republic of Moldova,2007,Hospital beds (per 10 000 population),61.2
Republic of Moldova,2006,Hospital beds (per 10 000 population),62.68
Republic of Moldova,2005,Hospital beds (per 10 000 population),63.87
Republic of Moldova,2004,Hospital beds (per 10 000 population),64.13
Republic of Moldova,2003,Hospital beds (per 10 000 population),66.7
Republic of Moldova,2002,Hospital beds (per 10 000 population),57.71
Republic of Moldova,2001,Hospital beds (per 10 000 population),58.88
Republic of Moldova,2000,Hospital beds (per 10 000 population),60.37
Romania,2013,Hospital beds (per 10 000 population),62.7
Romania,2012,Hospital beds (per 10 000 population),62.07
Romania,2011,Hospital beds (per 10 000 population),61.33
Romania,2010,Hospital beds (per 10 000 population),62.87
Romania,2009,Hospital beds (per 10 000 population),66.23
Romania,2008,Hospital beds (per 10 000 population),65.72
Romania,2007,Hospital beds (per 10 000 population),65.42
Romania,2006,Hospital beds (per 10 000 population),67.42
Romania,2005,Hospital beds (per 10 000 population),67.76
Romania,2004,Hospital beds (per 10 000 population),67.41
Romania,2003,Hospital beds (per 10 000 population),67.46
Romania,2002,Hospital beds (per 10 000 population),76.67
Romania,2001,Hospital beds (per 10 000 population),77.37
Romania,2000,Hospital beds (per 10 000 population),76.96
Russian Federation,2013,Hospital beds (per 10 000 population),81.75
Russian Federation,2012,Hospital beds (per 10 000 population),84
Russian Federation,2011,Hospital beds (per 10 000 population),85.71
Russian Federation,2010,Hospital beds (per 10 000 population),87.51
Russian Federation,2009,Hospital beds (per 10 000 population),90.12
Russian Federation,2008,Hospital beds (per 10 000 population),92.4
Russian Federation,2007,Hospital beds (per 10 000 population),95.02
Russian Federation,2006,Hospital beds (per 10 000 population),96.59
Russian Federation,2005,Hospital beds (per 10 000 population),97.42
Russian Federation,2004,Hospital beds (per 10 000 population),98.79
Russian Federation,2003,Hospital beds (per 10 000 population),105.1
Russian Federation,2002,Hospital beds (per 10 000 population),107.1
Russian Federation,2001,Hospital beds (per 10 000 population),108.3
Russian Federation,2000,Hospital beds (per 10 000 population),108.9
Rwanda,2006,Hospital beds (per 10 000 population),16
Saint Lucia,2013,Hospital beds (per 10 000 population),13
Saint Lucia,2011,Hospital beds (per 10 000 population),16
Saint Lucia,2009,Hospital beds (per 10 000 population),15
Saint Vincent and the Grenadines,2014,Hospital beds (per 10 000 population),26
Saint Vincent and the Grenadines,2013,Hospital beds (per 10 000 population),25
Saint Vincent and the Grenadines,2011,Hospital beds (per 10 000 population),27
Saint Vincent and the Grenadines,2010,Hospital beds (per 10 000 population),26
Sao Tome and Principe,2011,Hospital beds (per 10 000 population),29
Sao Tome and Principe,2006,Hospital beds (per 10 000 population),32
Saudi Arabia,2014,Hospital beds (per 10 000 population),26.5
Saudi Arabia,2013,Hospital beds (per 10 000 population),22
Saudi Arabia,2012,Hospital beds (per 10 000 population),20.9
Saudi Arabia,2011,Hospital beds (per 10 000 population),21.4
Saudi Arabia,2010,Hospital beds (per 10 000 population),22.04
Saudi Arabia,2009,Hospital beds (per 10 000 population),21.7
Saudi Arabia,2008,Hospital beds (per 10 000 population),22.1
Saudi Arabia,2007,Hospital beds (per 10 000 population),22
Saudi Arabia,2006,Hospital beds (per 10 000 population),23
Saudi Arabia,2005,Hospital beds (per 10 000 population),22.5
Saudi Arabia,2004,Hospital beds (per 10 000 population),22.4
Saudi Arabia,2003,Hospital beds (per 10 000 population),22.4
Saudi Arabia,2002,Hospital beds (per 10 000 population),22.4
Saudi Arabia,2001,Hospital beds (per 10 000 population),32.3
Saudi Arabia,2000,Hospital beds (per 10 000 population),23
Senegal,2008,Hospital beds (per 10 000 population),3
Serbia,2012,Hospital beds (per 10 000 population),56.54
Serbia,2011,Hospital beds (per 10 000 population),55.89
Serbia,2010,Hospital beds (per 10 000 population),55.96
Serbia,2009,Hospital beds (per 10 000 population),55.5
Serbia,2008,Hospital beds (per 10 000 population),55.07
Serbia,2007,Hospital beds (per 10 000 population),55.02
Serbia,2006,Hospital beds (per 10 000 population),56.9
Seychelles,2011,Hospital beds (per 10 000 population),36
Seychelles,2009,Hospital beds (per 10 000 population),39
Sierra Leone,2006,Hospital beds (per 10 000 population),4
Singapore,2015,Hospital beds (per 10 000 population),24
Singapore,2013,Hospital beds (per 10 000 population),21
Slovakia,2015,Hospital beds (per 10 000 population),57.5
Slovakia,2013,Hospital beds (per 10 000 population),58.03
Slovakia,2012,Hospital beds (per 10 000 population),59.11
Slovakia,2011,Hospital beds (per 10 000 population),60.51
Slovakia,2010,Hospital beds (per 10 000 population),64.17
Slovakia,2009,Hospital beds (per 10 000 population),65.05
Slovakia,2008,Hospital beds (per 10 000 population),65.57
Slovakia,2007,Hospital beds (per 10 000 population),67.53
Slovakia,2006,Hospital beds (per 10 000 population),67.12
Slovakia,2005,Hospital beds (per 10 000 population),67.67
Slovakia,2004,Hospital beds (per 10 000 population),68.95
Slovakia,2003,Hospital beds (per 10 000 population),72.38
Slovakia,2002,Hospital beds (per 10 000 population),75.69
Slovakia,2001,Hospital beds (per 10 000 population),76.69
Slovakia,2000,Hospital beds (per 10 000 population),78.39
Slovenia,2013,Hospital beds (per 10 000 population),45.54
Slovenia,2012,Hospital beds (per 10 000 population),45.47
Slovenia,2011,Hospital beds (per 10 000 population),46.25
Slovenia,2010,Hospital beds (per 10 000 population),45.71
Slovenia,2009,Hospital beds (per 10 000 population),45.97
Slovenia,2008,Hospital beds (per 10 000 population),47
Slovenia,2007,Hospital beds (per 10 000 population),46.62
Slovenia,2006,Hospital beds (per 10 000 population),47.63
Slovenia,2005,Hospital beds (per 10 000 population),48.3
Slovenia,2004,Hospital beds (per 10 000 population),47.99
Slovenia,2003,Hospital beds (per 10 000 population),49.56
Slovenia,2002,Hospital beds (per 10 000 population),50.84
Slovenia,2001,Hospital beds (per 10 000 population),51.64
Slovenia,2000,Hospital beds (per 10 000 population),53.99
Solomon Islands,2012,Hospital beds (per 10 000 population),14
Somalia,2014,Hospital beds (per 10 000 population),8.7
Somalia,2013,Hospital beds (per 10 000 population),8.7
Somalia,2004,Hospital beds (per 10 000 population),4.2
Somalia,2003,Hospital beds (per 10 000 population),4.2
Somalia,2002,Hospital beds (per 10 000 population),4.2
Somalia,2001,Hospital beds (per 10 000 population),4.2
Somalia,2000,Hospital beds (per 10 000 population),4.2
South Africa,2005,Hospital beds (per 10 000 population),28
Spain,2013,Hospital beds (per 10 000 population),29.65
Spain,2012,Hospital beds (per 10 000 population),29.94
Spain,2011,Hospital beds (per 10 000 population),30.92
Spain,2010,Hospital beds (per 10 000 population),31.52
Spain,2009,Hospital beds (per 10 000 population),31.86
Spain,2008,Hospital beds (per 10 000 population),32.23
Spain,2007,Hospital beds (per 10 000 population),32.72
Spain,2006,Hospital beds (per 10 000 population),33.19
Spain,2005,Hospital beds (per 10 000 population),33.61
Spain,2004,Hospital beds (per 10 000 population),34.17
Spain,2003,Hospital beds (per 10 000 population),34.5
Spain,2002,Hospital beds (per 10 000 population),35.36
Spain,2001,Hospital beds (per 10 000 population),36.04
Spain,2000,Hospital beds (per 10 000 population),36.86
Sri Lanka,2010,Hospital beds (per 10 000 population),35.1
Sudan,2013,Hospital beds (per 10 000 population),8.2
Sudan,2012,Hospital beds (per 10 000 population),8.2
Sudan,2011,Hospital beds (per 10 000 population),8.4
Sudan (until 2011),2010,Hospital beds (per 10 000 population),7.2
Sudan (until 2011),2009,Hospital beds (per 10 000 population),7.3
Sudan (until 2011),2008,Hospital beds (per 10 000 population),7.3
Sudan (until 2011),2007,Hospital beds (per 10 000 population),7.3
Sudan (until 2011),2006,Hospital beds (per 10 000 population),7.3
Sudan (until 2011),2005,Hospital beds (per 10 000 population),7.2
Sudan (until 2011),2004,Hospital beds (per 10 000 population),7.1
Sudan (until 2011),2003,Hospital beds (per 10 000 population),7.3
Sudan (until 2011),2002,Hospital beds (per 10 000 population),7.3
Sudan (until 2011),2001,Hospital beds (per 10 000 population),7.4
Sudan (until 2011),2000,Hospital beds (per 10 000 population),8.1
Suriname,2010,Hospital beds (per 10 000 population),31
Suriname,2009,Hospital beds (per 10 000 population),26
Suriname,2007,Hospital beds (per 10 000 population),31
Sweden,2013,Hospital beds (per 10 000 population),25.94
Sweden,2012,Hospital beds (per 10 000 population),26.19
Sweden,2011,Hospital beds (per 10 000 population),27.06
Sweden,2010,Hospital beds (per 10 000 population),27.26
Sweden,2009,Hospital beds (per 10 000 population),27.59
Sweden,2008,Hospital beds (per 10 000 population),28.05
Sweden,2007,Hospital beds (per 10 000 population),28.64
Sweden,2006,Hospital beds (per 10 000 population),28.88
Sweden,2005,Hospital beds (per 10 000 population),29.32
Sweden,2004,Hospital beds (per 10 000 population),30.12
Sweden,2003,Hospital beds (per 10 000 population),30.51
Sweden,2002,Hospital beds (per 10 000 population),31.29
Sweden,2001,Hospital beds (per 10 000 population),32.74
Sweden,2000,Hospital beds (per 10 000 population),35.8
Switzerland,2013,Hospital beds (per 10 000 population),46.77
Switzerland,2012,Hospital beds (per 10 000 population),48.02
Switzerland,2011,Hospital beds (per 10 000 population),48.7
Switzerland,2010,Hospital beds (per 10 000 population),49.65
Switzerland,2009,Hospital beds (per 10 000 population),51.04
Switzerland,2008,Hospital beds (per 10 000 population),52.11
Switzerland,2007,Hospital beds (per 10 000 population),53.6
Switzerland,2006,Hospital beds (per 10 000 population),53.91
Switzerland,2005,Hospital beds (per 10 000 population),55.39
Switzerland,2004,Hospital beds (per 10 000 population),56.7
Switzerland,2003,Hospital beds (per 10 000 population),58.24
Switzerland,2002,Hospital beds (per 10 000 population),59.45
Switzerland,2001,Hospital beds (per 10 000 population),60.39
Switzerland,2000,Hospital beds (per 10 000 population),62.87
Syrian Arab Republic,2014,Hospital beds (per 10 000 population),15
Syrian Arab Republic,2013,Hospital beds (per 10 000 population),15.2
Syrian Arab Republic,2012,Hospital beds (per 10 000 population),15.3
Syrian Arab Republic,2011,Hospital beds (per 10 000 population),15.5
Syrian Arab Republic,2010,Hospital beds (per 10 000 population),15.4
Syrian Arab Republic,2009,Hospital beds (per 10 000 population),15.1
Syrian Arab Republic,2008,Hospital beds (per 10 000 population),15.4
Syrian Arab Republic,2007,Hospital beds (per 10 000 population),14.7
Syrian Arab Republic,2006,Hospital beds (per 10 000 population),14.7
Syrian Arab Republic,2005,Hospital beds (per 10 000 population),12.8
Syrian Arab Republic,2004,Hospital beds (per 10 000 population),14.9
Syrian Arab Republic,2003,Hospital beds (per 10 000 population),14.9
Syrian Arab Republic,2002,Hospital beds (per 10 000 population),13.8
Syrian Arab Republic,2001,Hospital beds (per 10 000 population),14
Syrian Arab Republic,2000,Hospital beds (per 10 000 population),14
Tajikistan,2013,Hospital beds (per 10 000 population),47.56
Tajikistan,2012,Hospital beds (per 10 000 population),47.71
Tajikistan,2011,Hospital beds (per 10 000 population),48.87
Tajikistan,2010,Hospital beds (per 10 000 population),50.46
Tajikistan,2009,Hospital beds (per 10 000 population),51.86
Tajikistan,2008,Hospital beds (per 10 000 population),53.01
Tajikistan,2007,Hospital beds (per 10 000 population),54.4
Tajikistan,2006,Hospital beds (per 10 000 population),61.2
Tajikistan,2005,Hospital beds (per 10 000 population),58.65
Tajikistan,2004,Hospital beds (per 10 000 population),60.44
Tajikistan,2003,Hospital beds (per 10 000 population),61.22
Tajikistan,2002,Hospital beds (per 10 000 population),62.74
Tajikistan,2001,Hospital beds (per 10 000 population),63.98
Tajikistan,2000,Hospital beds (per 10 000 population),65.39
Thailand,2005,Hospital beds (per 10 000 population),21
The former Yugoslav Republic of Macedonia,2013,Hospital beds (per 10 000 population),44.28
The former Yugoslav Republic of Macedonia,2012,Hospital beds (per 10 000 population),43.92
The former Yugoslav Republic of Macedonia,2011,Hospital beds (per 10 000 population),44.96
The former Yugoslav Republic of Macedonia,2010,Hospital beds (per 10 000 population),45.91
The former Yugoslav Republic of Macedonia,2009,Hospital beds (per 10 000 population),44.78
The former Yugoslav Republic of Macedonia,2008,Hospital beds (per 10 000 population),45.46
The former Yugoslav Republic of Macedonia,2007,Hospital beds (per 10 000 population),45.64
The former Yugoslav Republic of Macedonia,2006,Hospital beds (per 10 000 population),46.27
The former Yugoslav Republic of Macedonia,2005,Hospital beds (per 10 000 population),46.98
The former Yugoslav Republic of Macedonia,2004,Hospital beds (per 10 000 population),47.72
The former Yugoslav Republic of Macedonia,2003,Hospital beds (per 10 000 population),48.07
The former Yugoslav Republic of Macedonia,2002,Hospital beds (per 10 000 population),48.36
The former Yugoslav Republic of Macedonia,2001,Hospital beds (per 10 000 population),49.36
The former Yugoslav Republic of Macedonia,2000,Hospital beds (per 10 000 population),50.57
Timor-Leste,2009,Hospital beds (per 10 000 population),59
Togo,2011,Hospital beds (per 10 000 population),7
Togo,2005,Hospital beds (per 10 000 population),9
Trinidad and Tobago,2014,Hospital beds (per 10 000 population),30
Trinidad and Tobago,2013,Hospital beds (per 10 000 population),27
Trinidad and Tobago,2012,Hospital beds (per 10 000 population),27
Trinidad and Tobago,2010,Hospital beds (per 10 000 population),21
Trinidad and Tobago,2009,Hospital beds (per 10 000 population),26
Trinidad and Tobago,2008,Hospital beds (per 10 000 population),25
Trinidad and Tobago,2007,Hospital beds (per 10 000 population),27
Tunisia,2015,Hospital beds (per 10 000 population),22.9
Tunisia,2014,Hospital beds (per 10 000 population),21.8
Tunisia,2013,Hospital beds (per 10 000 population),21.2
Tunisia,2012,Hospital beds (per 10 000 population),21.2
Tunisia,2011,Hospital beds (per 10 000 population),20.9
Tunisia,2010,Hospital beds (per 10 000 population),20.9
Tunisia,2009,Hospital beds (per 10 000 population),20.9
Tunisia,2008,Hospital beds (per 10 000 population),20
Tunisia,2007,Hospital beds (per 10 000 population),17.6
Tunisia,2006,Hospital beds (per 10 000 population),19.8
Tunisia,2005,Hospital beds (per 10 000 population),17.6
Tunisia,2004,Hospital beds (per 10 000 population),20.5
Tunisia,2003,Hospital beds (per 10 000 population),17.1
Tunisia,2002,Hospital beds (per 10 000 population),17.1
Tunisia,2001,Hospital beds (per 10 000 population),17.3
Tunisia,2000,Hospital beds (per 10 000 population),17.3
Turkey,2013,Hospital beds (per 10 000 population),26.56
Turkey,2012,Hospital beds (per 10 000 population),26.61
Turkey,2011,Hospital beds (per 10 000 population),25.34
Turkey,2010,Hospital beds (per 10 000 population),25.2
Turkey,2009,Hospital beds (per 10 000 population),23.98
Turkey,2008,Hospital beds (per 10 000 population),23.39
Turkey,2007,Hospital beds (per 10 000 population),22.97
Turkey,2006,Hospital beds (per 10 000 population),22.83
Turkey,2005,Hospital beds (per 10 000 population),22.62
Turkey,2004,Hospital beds (per 10 000 population),22.27
Turkey,2003,Hospital beds (per 10 000 population),22.37
Turkey,2002,Hospital beds (per 10 000 population),22.51
Turkey,2001,Hospital beds (per 10 000 population),21.6
Turkey,2000,Hospital beds (per 10 000 population),21
Turkmenistan,2013,Hospital beds (per 10 000 population),73.63
Turkmenistan,2012,Hospital beds (per 10 000 population),73.79
Turkmenistan,2011,Hospital beds (per 10 000 population),74.81
Turkmenistan,2010,Hospital beds (per 10 000 population),75.7
Turkmenistan,2009,Hospital beds (per 10 000 population),75.63
Turkmenistan,2008,Hospital beds (per 10 000 population),76.9
Turkmenistan,2007,Hospital beds (per 10 000 population),78.22
Turkmenistan,2006,Hospital beds (per 10 000 population),82.33
Turkmenistan,2005,Hospital beds (per 10 000 population),83.91
Turkmenistan,2004,Hospital beds (per 10 000 population),81.43
Turkmenistan,2003,Hospital beds (per 10 000 population),82.68
Turkmenistan,2002,Hospital beds (per 10 000 population),81.96
Turkmenistan,2001,Hospital beds (per 10 000 population),83.53
Turkmenistan,2000,Hospital beds (per 10 000 population),90.75
Tuvalu,2001,Hospital beds (per 10 000 population),56
Uganda,2010,Hospital beds (per 10 000 population),5
Uganda,2009,Hospital beds (per 10 000 population),4
Ukraine,2013,Hospital beds (per 10 000 population),87.98
Ukraine,2012,Hospital beds (per 10 000 population),89.07
Ukraine,2011,Hospital beds (per 10 000 population),90.49
Ukraine,2010,Hospital beds (per 10 000 population),93.82
Ukraine,2009,Hospital beds (per 10 000 population),94.04
Ukraine,2008,Hospital beds (per 10 000 population),87.45
Ukraine,2007,Hospital beds (per 10 000 population),87.25
Ukraine,2006,Hospital beds (per 10 000 population),87.3
Ukraine,2005,Hospital beds (per 10 000 population),86.83
Ukraine,2004,Hospital beds (per 10 000 population),87.29
Ukraine,2003,Hospital beds (per 10 000 population),88.11
Ukraine,2002,Hospital beds (per 10 000 population),88.93
Ukraine,2001,Hospital beds (per 10 000 population),87.91
Ukraine,2000,Hospital beds (per 10 000 population),88.16
United Arab Emirates,2013,Hospital beds (per 10 000 population),11.5
United Arab Emirates,2012,Hospital beds (per 10 000 population),10.7
United Arab Emirates,2011,Hospital beds (per 10 000 population),10.7
United Arab Emirates,2010,Hospital beds (per 10 000 population),19.3
United Arab Emirates,2009,Hospital beds (per 10 000 population),19.3
United Arab Emirates,2008,Hospital beds (per 10 000 population),18.6
United Arab Emirates,2007,Hospital beds (per 10 000 population),18.8
United Arab Emirates,2006,Hospital beds (per 10 000 population),18.8
United Arab Emirates,2005,Hospital beds (per 10 000 population),21.9
United Arab Emirates,2004,Hospital beds (per 10 000 population),21.9
United Arab Emirates,2003,Hospital beds (per 10 000 population),21.9
United Arab Emirates,2002,Hospital beds (per 10 000 population),21.9
United Arab Emirates,2001,Hospital beds (per 10 000 population),22.8
United Arab Emirates,2000,Hospital beds (per 10 000 population),23.8
United Kingdom of Great Britain and Northern Ireland,2013,Hospital beds (per 10 000 population),27.58
United Kingdom of Great Britain and Northern Ireland,2012,Hospital beds (per 10 000 population),28.08
United Kingdom of Great Britain and Northern Ireland,2011,Hospital beds (per 10 000 population),28.99
United Kingdom of Great Britain and Northern Ireland,2010,Hospital beds (per 10 000 population),29.53
United Kingdom of Great Britain and Northern Ireland,2009,Hospital beds (per 10 000 population),32.91
United Kingdom of Great Britain and Northern Ireland,2008,Hospital beds (per 10 000 population),33.56
United Kingdom of Great Britain and Northern Ireland,2007,Hospital beds (per 10 000 population),34.08
United Kingdom of Great Britain and Northern Ireland,2006,Hospital beds (per 10 000 population),35.57
United Kingdom of Great Britain and Northern Ireland,2005,Hospital beds (per 10 000 population),37.33
United Kingdom of Great Britain and Northern Ireland,2004,Hospital beds (per 10 000 population),38.67
United Kingdom of Great Britain and Northern Ireland,2003,Hospital beds (per 10 000 population),39.54
United Kingdom of Great Britain and Northern Ireland,2002,Hospital beds (per 10 000 population),39.82
United Kingdom of Great Britain and Northern Ireland,2001,Hospital beds (per 10 000 population),40.41
United Kingdom of Great Britain and Northern Ireland,2000,Hospital beds (per 10 000 population),40.98
United Republic of Tanzania,2010,Hospital beds (per 10 000 population),7
United Republic of Tanzania,2006,Hospital beds (per 10 000 population),11
United States of America,2013,Hospital beds (per 10 000 population),29
United States of America,2012,Hospital beds (per 10 000 population),29
United States of America,2011,Hospital beds (per 10 000 population),29
United States of America,2010,Hospital beds (per 10 000 population),30
United States of America,2009,Hospital beds (per 10 000 population),31
Uruguay,2014,Hospital beds (per 10 000 population),28
Uruguay,2013,Hospital beds (per 10 000 population),25
Uruguay,2012,Hospital beds (per 10 000 population),25
Uruguay,2011,Hospital beds (per 10 000 population),30
Uzbekistan,2013,Hospital beds (per 10 000 population),39.94
Uzbekistan,2012,Hospital beds (per 10 000 population),41.89
Uzbekistan,2011,Hospital beds (per 10 000 population),43.22
Uzbekistan,2010,Hospital beds (per 10 000 population),43.87
Uzbekistan,2009,Hospital beds (per 10 000 population),45.78
Uzbekistan,2008,Hospital beds (per 10 000 population),46.74
Uzbekistan,2007,Hospital beds (per 10 000 population),48.32
Uzbekistan,2006,Hospital beds (per 10 000 population),51.17
Uzbekistan,2005,Hospital beds (per 10 000 population),51.95
Uzbekistan,2004,Hospital beds (per 10 000 population),52.6
Uzbekistan,2003,Hospital beds (per 10 000 population),54.79
Uzbekistan,2002,Hospital beds (per 10 000 population),55.39
Uzbekistan,2001,Hospital beds (per 10 000 population),53.4
Uzbekistan,2000,Hospital beds (per 10 000 population),53.34
Venezuela (Bolivarian Republic of),2014,Hospital beds (per 10 000 population),8
Venezuela (Bolivarian Republic of),2011,Hospital beds (per 10 000 population),9
Venezuela (Bolivarian Republic of),2009,Hospital beds (per 10 000 population),11
Venezuela (Bolivarian Republic of),2007,Hospital beds (per 10 000 population),13
Viet Nam,2014,Hospital beds (per 10 000 population),25.6
Viet Nam,2012,Hospital beds (per 10 000 population),25
Yemen,2014,Hospital beds (per 10 000 population),7.1
Yemen,2013,Hospital beds (per 10 000 population),6.7
Yemen,2012,Hospital beds (per 10 000 population),7.2
Yemen,2011,Hospital beds (per 10 000 population),7
Yemen,2010,Hospital beds (per 10 000 population),7.2
Yemen,2009,Hospital beds (per 10 000 population),7
Yemen,2008,Hospital beds (per 10 000 population),7
Yemen,2007,Hospital beds (per 10 000 population),7
Yemen,2006,Hospital beds (per 10 000 population),7
Yemen,2005,Hospital beds (per 10 000 population),6.1
Yemen,2004,Hospital beds (per 10 000 population),5.9
Yemen,2003,Hospital beds (per 10 000 population),5.9
Yemen,2002,Hospital beds (per 10 000 population),5.9
Yemen,2001,Hospital beds (per 10 000 population),5.9
Yemen,2000,Hospital beds (per 10 000 population),5.9
Zambia,2010,Hospital beds (per 10 000 population),20
Zambia,2008,Hospital beds (per 10 000 population),19
Zimbabwe,2011,Hospital beds (per 10 000 population),17
Zimbabwe,2006,Hospital beds (per 10 000 population),30
